, 420 , 430 , 440 , 450 , 460 , 470 , 480 , 490 , 500 , 510 , 520 , 530 , 540 , 550 , 560 , 570 , 580 , 590 , 600 , 610 , 620 , 630 , 640 , 650 , 660 , 670 , 680 , 690 , 700 , 710 , 720 , 730 , 740 , 750 , 760 , 770 , 780 , 790 , 800 
-140 , 0 , 0 , 0 , 0 , 0 , 0 , 0 , 0 , 0 , 0 , 0 , 0 , 0 , 0 , 0 , 0 , 0 , 0 , 0 , 0 , 0 , 0 , 0 , 0 , 0 , 0 , 0 , 0 , 0 , 0 , 0 , 0 , 0 , 0 , 0 , 0 , 0 , 0 , 0 
-130 , 0 , 0 , 0 , 0 , 0 , 0 , 0 , 0 , 0 , 0 , 0 , 0 , 0 , 0 , 0 , 0 , 0 , 0 , 0 , 0 , 0 , 0 , 0 , 0 , 0 , 0 , 0 , 0 , 0 , 0 , 0 , 0 , 0 , 0 , 0 , 0 , 0 , 0 , 0 
-120 , 2.916104E-04 , 7.413019E-04 ,-1.836906E-04 , 2.321712E-04 , 3.023334E-04 ,-1.006113E-04 , 4.055724E-04 ,-1.683118E-04 , 8.56965E-05 ,-1.737405E-04 ,-1.198276E-04 , 4.697806E-05 ,-1.487626E-04 , 1.518798E-04 ,-1.96119E-05 ,-8.358998E-05 , 1.706864E-04 ,-6.221789E-05 , 3.665177E-05 , 3.030729E-04 , 8.351962E-05 , 3.269993E-05 , 4.857007E-05 ,-2.744031E-05 , 2.079134E-04 , 2.29481E-04 ,-1.721458E-04 ,-4.694742E-04 , 8.391752E-05 ,-1.295831E-04 ,-5.409219E-05 , 7.692191E-04 , 4.887866E-05 , 5.414399E-05 , 7.726791E-06 , 4.167851E-04 , 1.544889E-04 ,-1.05974E-04 ,-2.56662E-04 
-110 ,-1.442331E-04 ,-2.915477E-04 ,-4.155147E-04 ,-7.116884E-04 , 1.44165E-04 ,-6.365002E-05 , 3.312914E-05 , 2.706468E-04 ,-2.173665E-04 ,-5.637398E-06 , 5.287898E-05 ,-1.30866E-04 ,-5.668044E-05 , 1.275545E-04 , 1.507587E-04 , 5.46152E-05 ,-1.063916E-04 ,-2.900021E-05 ,-6.162534E-05 , 5.820233E-05 , 1.555083E-04 ,-4.192013E-05 , 6.457256E-05 , 1.299338E-04 ,-1.436668E-04 ,-2.756655E-04 ,-9.401751E-05 ,-1.65685E-04 , 2.492539E-04 , 3.907766E-06 , 3.787482E-04 ,-2.629255E-04 , 2.053884E-06 ,-2.091339E-04 ,-3.558716E-04 , 3.93904E-04 ,-4.855758E-04 , 1.395066E-04 , 2.237515E-04 
-100 ,-5.502989E-05 ,-5.137004E-04 , 0 ,-1.191189E-04 ,-1.993702E-04 , 3.79047E-05 ,-1.020199E-04 , 2.978542E-05 , 1.073463E-04 , 9.338347E-05 ,-4.852592E-05 ,-5.147453E-05 , 9.38525E-05 ,-2.582702E-04 ,-8.151124E-05 , 1.9222E-04 ,-1.691433E-04 , 1.55631E-06 , 2.259491E-04 ,-3.270379E-05 ,-1.015196E-04 , 5.870647E-05 , 2.893552E-04 ,-7.651495E-05 ,-1.953249E-04 ,-1.404249E-05 ,-1.229026E-04 , 3.87141E-04 ,-4.628843E-04 ,-1.363994E-04 ,-2.421353E-05 ,-3.587114E-05 , 1.920802E-04 , 5.138766E-04 , 9.425486E-05 ,-2.914931E-05 ,-7.088151E-04 ,-3.720784E-05 ,-5.09735E-04 
-90 ,-4.926996E-04 , 2.49705E-04 , 3.918821E-04 ,-1.168619E-04 , 3.790742E-04 , 6.777275E-05 , 3.611339E-06 , 7.153852E-05 ,-1.753811E-04 ,-2.028182E-04 ,-5.969066E-05 ,-2.053583E-04 , 2.278601E-05 ,-3.102464E-05 ,-2.448407E-04 , 3.262826E-05 ,-2.11067E-05 , 1.081169E-04 ,-7.989629E-05 , 1.873026E-04 ,-3.952573E-05 ,-5.5567E-05 , 3.93324E-05 ,-9.783639E-05 , 2.431419E-04 , 9.917925E-05 , 4.414193E-04 , 1.810216E-04 ,-3.006053E-04 , 3.659733E-04 , 1.760896E-04 ,-4.38222E-04 , 3.67222E-04 , 2.292422E-04 , 1.886639E-04 , 4.064407E-04 ,-8.747335E-04 ,-3.236862E-04 , 5.734246E-04 
-80 , 1.228027E-04 ,-6.167423E-05 ,-2.007841E-04 , 5.649063E-05 ,-6.347534E-06 , 1.25832E-04 ,-5.89328E-05 , 1.451419E-04 , 1.072151E-04 , 1.358944E-04 , 5.606158E-05 ,-5.840447E-05 ,-1.822174E-05 ,-8.806332E-05 ,-1.136661E-04 ,-6.639724E-05 , 7.748689E-05 , 9.883674E-05 , 8.385316E-05 , 5.162581E-06 , 1.284835E-04 , 1.629207E-04 ,-4.340883E-04 ,-1.913E-05 ,-1.466251E-04 ,-6.858246E-05 ,-1.02093E-07 , 6.636089E-05 , 4.760898E-05 , 5.456217E-04 ,-2.239952E-04 , 3.210859E-04 ,-4.537665E-04 , 3.989492E-05 , 8.184681E-05 ,-7.110161E-04 , 3.416954E-04 , 3.573634E-04 , 1.86152E-04 
-70 , 1.901921E-04 ,-4.139919E-04 , 4.851986E-04 ,-2.050167E-04 ,-1.800116E-04 ,-2.897547E-05 , 2.303673E-04 , 2.441505E-04 ,-6.920608E-05 , 1.819411E-04 , 1.385901E-04 , 7.704549E-05 ,-2.219303E-04 ,-2.639793E-04 , 9.068259E-05 , 3.935026E-05 ,-1.635573E-04 , 5.78865E-05 , 1.318789E-04 ,-2.054156E-04 ,-6.172672E-06 ,-3.67787E-06 , 1.160408E-04 , 6.421711E-05 , 1.564602E-04 , 1.596847E-04 ,-1.791696E-05 ,-3.661027E-05 , 5.38209E-04 ,-3.1924E-04 ,-4.217691E-04 , 1.037357E-04 ,-1.603655E-04 ,-6.911166E-04 ,-3.534364E-05 , 3.931656E-06 , 1.485096E-04 , 9.252193E-05 ,-3.47812E-04 
-60 ,-8.612016E-05 , 3.503073E-04 , 3.525158E-05 , 1.899619E-04 , 3.135539E-04 , 4.659292E-04 , 1.669716E-04 , 2.073389E-04 , 9.897493E-05 , 8.675168E-06 , 8.291574E-05 , 2.176643E-04 , 5.249653E-05 , 2.937588E-05 , 1.674163E-04 ,-1.73634E-05 , 1.445028E-04 ,-6.721529E-05 , 2.246175E-04 ,-1.937919E-04 ,-1.387947E-04 , 2.186881E-04 ,-3.50088E-05 ,-2.094694E-04 , 2.447046E-04 , 2.999153E-06 , 2.092901E-04 ,-1.035482E-04 , 1.05205E-04 , 1.183805E-04 , 2.893216E-04 , 1.957766E-04 , 1.922345E-05 ,-1.197137E-04 ,-2.441653E-04 , 3.740036E-04 ,-1.439011E-04 ,-1.862995E-04 ,-5.149976E-04 
-50 , 2.701732E-04 ,-2.783019E-04 ,-2.577736E-04 , 3.31617E-04 , 1.064856E-04 , 1.452336E-04 ,-1.835128E-04 ,-2.079905E-04 ,-1.246574E-04 , 1.44408E-04 ,-1.753837E-04 ,-7.41593E-05 , 1.494347E-04 , 8.95227E-05 ,-5.576392E-05 , 1.524076E-04 ,-1.467925E-05 ,-5.781894E-05 , 3.741965E-05 ,-4.717888E-05 , 6.660401E-05 ,-2.241782E-04 , 1.382751E-04 ,-2.352101E-07 ,-4.834398E-04 ,-2.16473E-04 ,-8.167435E-07 , 5.288462E-04 ,-7.90652E-05 ,-2.279101E-04 , 5.809569E-04 ,-3.577269E-04 , 2.137523E-04 , 3.866364E-04 ,-1.27539E-04 ,-6.366831E-04 ,-1.803899E-04 , 3.861418E-05 ,-2.685324E-04 
-40 , 6.254998E-04 , 2.283522E-04 , 1.295398E-04 ,-3.221659E-05 , 9.596562E-05 , 3.138066E-04 , 2.184678E-04 ,-6.286807E-05 ,-9.360135E-05 , 2.257769E-05 ,-9.177156E-06 , 1.612454E-04 , 1.434201E-05 , 2.192271E-04 , 6.383565E-06 ,-1.155935E-04 , 7.595207E-05 ,-5.937504E-05 , 8.912652E-05 ,-8.424251E-05 , 4.838793E-05 ,-1.459703E-04 ,-2.032798E-04 , 1.001849E-04 , 1.84475E-04 , 1.191692E-04 , 2.503021E-04 ,-1.193055E-04 ,-8.766834E-05 , 1.11129E-04 , 3.843917E-04 ,-4.002258E-04 , 1.933644E-04 , 3.396311E-04 ,-3.771089E-04 ,-3.347623E-04 , 5.391146E-04 ,-3.723707E-05 , 3.606486E-04 
-30 ,-4.937623E-04 ,-5.444985E-05 ,-8.744967E-05 , 4.838184E-04 ,-1.655615E-04 ,-2.167083E-04 , 1.470298E-04 ,-1.760177E-04 , 1.065853E-04 ,-2.035294E-04 , 1.821058E-04 ,-5.772333E-05 , 1.377898E-04 ,-1.713719E-05 , 3.743348E-05 ,-1.655961E-04 , 1.473766E-05 ,-6.835241E-05 ,-3.738659E-04 ,-1.137475E-04 ,-7.83283E-05 ,-1.783983E-04 , 7.518162E-05 , 2.423079E-04 ,-1.975159E-04 ,-1.79491E-04 ,-2.528619E-04 ,-4.339369E-04 ,-1.318522E-04 ,-3.586101E-04 ,-8.740276E-05 , 3.98603E-05 ,-5.06884E-04 , 2.355552E-04 , 7.242955E-04 ,-1.015648E-04 , 7.340059E-04 , 7.626704E-05 , 7.050632E-04 
-20 ,-2.276663E-04 , 4.560341E-05 , 1.042863E-04 ,-1.07975E-04 ,-7.885612E-04 ,-7.449897E-04 ,-8.595107E-04 ,-3.529144E-04 , 1.744808E-04 ,-1.039914E-06 ,-9.977341E-05 , 7.535693E-05 ,-2.517497E-05 , 4.11163E-05 , 6.267166E-05 ,-2.290833E-05 ,-8.049041E-06 , 7.74631E-05 ,-3.135636E-04 , 1.233865E-04 ,-1.184004E-04 , 1.768619E-04 ,-9.837499E-05 ,-1.058578E-04 , 1.303933E-04 , 1.44179E-04 ,-2.401075E-04 , 1.668851E-04 , 3.879965E-05 , 2.770547E-05 ,-9.9579E-04 , 6.694305E-05 , 8.546905E-05 ,-7.766606E-04 , 4.384936E-05 , 2.203961E-04 , 4.784099E-04 ,-1.394235E-05 ,-1.497227E-04 
-10 , 1.514407E-04 ,-5.304278E-04 , 1.063092E-03 ,-2.195832E-03 , 3.979485E-04 , 1.64059E-03 , 7.459212E-04 ,-4.135309E-04 ,-1.038574E-04 , 5.615905E-05 , 9.328842E-05 , 3.06782E-04 , 1.799923E-04 ,-1.515647E-04 ,-4.851203E-05 , 1.632783E-05 ,-9.284444E-05 , 7.892989E-05 , 8.042296E-05 , 1.287995E-05 , 2.323556E-04 , 8.819201E-05 , 2.274918E-04 , 5.449376E-05 , 2.178648E-04 ,-1.274869E-04 ,-4.522486E-05 ,-2.964509E-06 ,-3.682713E-04 ,-1.518636E-04 , 4.072815E-04 ,-6.236869E-04 ,-4.514262E-04 ,-2.782466E-04 ,-1.525292E-04 , 1.022346E-04 ,-8.113596E-04 ,-3.450075E-04 , 2.380731E-04 
 2.43099E-07 , 2.075182E-03 , 1.541348E-03 , 1.248791E-03 , 2.688969E-03 ,-4.622469E-04 , 3.182965E-04 , 2.239779E-03 , 2.281913E-03 , 3.253373E-03 , 3.92801E-03 , 5.617478E-03 , 7.469261E-03 , 9.332047E-03 , 1.175753E-02 , 1.356678E-02 , 1.398693E-02 , 1.263946E-02 , 9.446176E-03 , 6.496328E-03 , 4.100533E-03 , 2.466611E-03 , 2.010444E-03 , 1.143761E-03 , 3.99649E-04 , 2.085439E-04 , 4.211493E-04 , 4.271631E-04 , 4.05884E-04 ,-3.223308E-04 ,-1.017782E-04 , 5.003429E-04 ,-7.63698E-04 , 3.910228E-04 , 4.836167E-04 ,-3.843747E-04 ,-8.644646E-04 ,-2.95978E-04 ,-3.506151E-04 ,-5.54054E-04 
 10 , 2.442153E-03 , 1.136295E-03 , 1.332688E-03 , 2.474023E-03 , 2.684883E-04 , 2.897755E-03 , 1.281115E-03 , 2.579617E-03 , 3.135944E-03 , 3.71264E-03 , 5.63423E-03 , 7.594178E-03 , 9.396786E-03 , 1.121241E-02 , 1.344023E-02 , 1.395492E-02 , 1.216428E-02 , 9.196168E-03 , 6.133729E-03 , 4.193706E-03 , 2.499684E-03 , 1.666546E-03 , 9.0504E-04 , 5.046097E-04 , 4.304904E-04 , 3.999976E-05 , 4.434632E-04 , 1.63524E-04 , 3.323534E-04 , 6.268507E-04 , 3.513912E-04 ,-3.320979E-04 ,-1.363369E-04 , 2.478123E-05 , 1.593499E-05 ,-6.421793E-04 , 1.592446E-04 ,-2.191384E-04 , 4.401008E-05 
 20 , 1.617401E-03 , 1.895751E-04 , 1.412539E-03 ,-1.423478E-03 , 3.331791E-03 , 3.344716E-03 ,-6.918598E-04 , 1.480176E-03 , 3.116389E-03 , 3.579319E-03 , 5.143086E-03 , 7.118778E-03 , 8.656967E-03 , 1.089945E-02 , 1.285612E-02 , 1.285533E-02 , 1.135473E-02 , 8.791585E-03 , 6.133937E-03 , 4.164607E-03 , 2.349568E-03 , 1.211339E-03 , 8.665845E-04 , 7.432463E-04 ,-2.21394E-05 ,-3.456888E-04 , 5.241556E-04 , 5.682032E-06 ,-1.072157E-04 , 2.044638E-04 , 1.728253E-04 , 5.112194E-04 ,-5.22398E-04 , 3.485428E-04 , 9.278497E-04 ,-5.670213E-04 , 4.292067E-04 , 5.029546E-04 , 8.768999E-04 
 30 , 2.029217E-03 , 1.185041E-03 ,-5.567382E-04 ,-1.223492E-03 , 9.656269E-04 , 4.341359E-03 , 2.818544E-03 , 1.909442E-03 , 2.546794E-03 , 3.298682E-03 , 4.87587E-03 , 6.846684E-03 , 8.225012E-03 , 1.049961E-02 , 1.201421E-02 , 1.205636E-02 , 1.103233E-02 , 8.124594E-03 , 5.462642E-03 , 3.615219E-03 , 2.261132E-03 , 1.764915E-03 , 5.380005E-04 , 6.6626E-04 , 5.80219E-04 , 4.468112E-05 ,-1.254032E-04 , 1.251701E-04 , 1.206724E-05 ,-1.137949E-04 , 7.989732E-04 ,-4.502586E-04 , 1.416124E-04 ,-5.200038E-05 , 9.433508E-05 , 3.446606E-04 , 3.376055E-04 , 2.106805E-04 ,-5.89944E-04 
 40 , 1.724154E-03 , 1.214502E-03 , 5.262605E-04 , 2.281641E-03 , 1.958119E-03 , 1.766805E-03 , 1.092088E-03 , 2.285486E-03 , 2.486892E-03 , 2.908398E-03 , 4.357543E-03 , 6.100294E-03 , 7.645031E-03 , 9.815407E-03 , 1.130851E-02 , 1.139494E-02 , 1.015253E-02 , 7.592401E-03 , 5.353258E-03 , 3.586776E-03 , 2.325412E-03 , 1.587751E-03 , 8.94351E-04 , 5.943382E-04 , 1.301466E-04 , 3.565483E-05 ,-3.203519E-04 , 8.840107E-05 , 1.686662E-04 ,-1.733885E-04 , 3.124355E-04 , 9.12256E-04 ,-1.434911E-04 ,-6.047427E-04 ,-5.900917E-04 , 9.62351E-04 ,-1.546841E-04 , 1.47606E-04 , 1.276872E-04 
 50 , 1.307389E-03 , 1.083621E-03 , 2.17743E-03 , 1.415183E-03 ,-7.214955E-04 , 5.110803E-04 , 6.983653E-04 , 1.890337E-03 , 2.706699E-03 , 3.04154E-03 , 4.163695E-03 , 5.483394E-03 , 7.227621E-03 , 9.010398E-03 , 1.039855E-02 , 1.101077E-02 , 9.720502E-03 , 7.137188E-03 , 5.324238E-03 , 3.41844E-03 , 2.095856E-03 , 1.303869E-03 , 7.384639E-04 , 3.829602E-04 , 1.513892E-04 , 1.293188E-04 ,-2.261302E-05 , 2.493876E-04 ,-4.711747E-04 , 1.63078E-04 , 4.937523E-04 ,-5.552294E-04 , 7.42052E-04 , 3.375941E-04 , 1.352253E-04 , 5.011517E-04 ,-3.79899E-04 ,-3.780388E-04 ,-4.341663E-04 
 60 , 2.036699E-03 , 6.719503E-04 , 7.62978E-04 , 3.01635E-04 , 1.871792E-03 , 1.02192E-03 , 1.175945E-03 , 2.01509E-03 , 2.221888E-03 , 2.922614E-03 , 4.029895E-03 , 5.233246E-03 , 6.840033E-03 , 8.297146E-03 , 9.770805E-03 , 1.022705E-02 , 9.184052E-03 , 6.80234E-03 , 4.606441E-03 , 2.712164E-03 , 1.963731E-03 , 8.243409E-04 , 7.072753E-04 , 1.353453E-04 , 1.768269E-04 , 3.326398E-04 , 6.503813E-05 , 2.126575E-04 ,-2.875287E-04 , 2.641632E-04 , 2.450734E-04 , 2.053825E-05 , 4.381787E-04 , 1.467744E-04 , 2.112201E-05 ,-3.799389E-04 ,-3.417879E-04 ,-1.110728E-06 , 1.052052E-04 
 70 , 2.200566E-03 , 4.916016E-04 , 1.260114E-03 ,-1.610299E-03 , 6.923915E-04 , 2.757618E-03 , 4.685209E-04 , 1.018518E-03 , 1.543577E-03 , 2.761361E-03 , 3.606106E-03 , 5.226711E-03 , 6.505507E-03 , 7.534909E-03 , 9.250594E-03 , 9.602078E-03 , 8.396926E-03 , 6.548957E-03 , 4.121815E-03 , 3.179634E-03 , 1.646138E-03 , 1.100794E-03 , 7.133934E-04 , 3.310406E-04 , 1.78362E-04 , 1.238916E-05 , 1.963693E-04 ,-1.877617E-04 , 1.300078E-04 ,-5.370505E-04 ,-3.024291E-04 , 3.267798E-04 ,-6.825388E-04 , 1.173036E-04 , 7.048199E-05 ,-5.293532E-04 , 3.744162E-04 , 1.74712E-04 , 1.948051E-04 
 80 , 1.19938E-03 , 8.2078E-04 ,-2.50442E-04 , 5.009109E-04 , 1.008118E-03 , 1.910753E-03 , 1.122935E-03 , 1.325399E-03 , 1.844947E-03 , 2.45106E-03 , 3.723441E-03 , 4.925332E-03 , 6.070019E-03 , 7.387062E-03 , 8.843822E-03 , 8.832356E-03 , 8.000137E-03 , 6.008554E-03 , 4.285554E-03 , 2.902703E-03 , 1.733448E-03 , 1.168552E-03 , 3.56595E-04 , 4.63716E-04 , 3.849073E-04 , 1.251131E-04 ,-2.710235E-04 ,-2.835625E-04 , 3.251179E-04 ,-1.113161E-04 , 3.613312E-04 , 9.985521E-04 ,-7.75912E-05 , 3.189056E-04 , 1.546422E-04 , 1.300444E-04 , 3.097839E-04 , 3.642966E-04 ,-2.268629E-04 
 90 , 1.815005E-03 , 4.748834E-04 , 1.166392E-03 , 1.698065E-03 , 9.46635E-04 , 1.384849E-03 , 1.794476E-04 , 1.316461E-03 , 1.695816E-03 , 2.707687E-03 , 3.378546E-03 , 4.656255E-03 , 5.646225E-03 , 7.007093E-03 , 8.199636E-03 , 8.402304E-03 , 7.392762E-03 , 5.796487E-03 , 4.003391E-03 , 2.729757E-03 , 1.834175E-03 , 1.172816E-03 , 7.410009E-04 , 4.206287E-04 , 4.939638E-04 , 2.246575E-04 , 2.154216E-05 , 2.020861E-05 ,-2.401039E-04 , 2.075199E-05 , 5.228663E-04 , 6.280446E-05 ,-3.080048E-04 , 2.621319E-04 ,-2.6979E-04 , 5.333733E-04 ,-3.33343E-04 ,-3.439561E-04 ,-4.498009E-05 
 100 , 1.277753E-03 , 7.564007E-04 , 1.812426E-04 , 8.429954E-04 , 1.089814E-03 , 1.008147E-03 , 5.515344E-04 , 1.360498E-03 , 1.323384E-03 , 2.527217E-03 , 3.056813E-03 , 4.60689E-03 , 5.203586E-03 , 6.683654E-03 , 7.443782E-03 , 7.981692E-03 , 6.922306E-03 , 5.221063E-03 , 3.584876E-03 , 2.364861E-03 , 1.470736E-03 , 7.281706E-04 , 4.186855E-04 , 1.655149E-04 , 8.780153E-05 ,-4.361152E-05 , 2.533667E-04 , 1.298159E-04 ,-3.08797E-04 , 6.083907E-04 , 2.586767E-04 ,-4.044816E-04 , 4.013658E-04 , 6.575122E-04 , 3.663584E-04 , 3.012398E-04 ,-4.946564E-04 , 7.205724E-05 ,-5.177353E-04 
 110 , 1.308019E-03 , 1.030235E-03 , 7.839749E-04 , 7.251055E-04 , 1.351494E-03 , 6.337842E-04 , 1.336414E-03 , 1.399868E-03 , 1.79315E-03 , 2.061344E-03 , 2.964288E-03 , 4.079042E-03 , 4.935085E-03 , 6.013293E-03 , 7.049244E-03 , 7.212356E-03 , 6.479543E-03 , 5.081777E-03 , 3.322561E-03 , 1.977975E-03 , 1.191778E-03 , 8.505964E-04 , 6.334761E-04 , 5.269026E-05 , 2.649932E-04 , 7.801275E-05 , 4.126008E-04 , 2.228902E-04 ,-5.705451E-04 , 1.865609E-04 , 2.178966E-04 ,-2.987141E-04 , 6.116843E-04 , 2.8759E-04 ,-8.288102E-06 ,-4.327395E-05 , 1.736231E-04 ,-1.044837E-04 , 2.491041E-04 
 120 , 1.122719E-03 , 7.331536E-04 , 8.398126E-04 , 8.322982E-04 , 1.25934E-03 , 1.180101E-03 , 5.976277E-04 , 1.37953E-03 , 1.608827E-03 , 1.976086E-03 , 2.754934E-03 , 3.758112E-03 , 4.50214E-03 , 5.72556E-03 , 6.799101E-03 , 6.886411E-03 , 6.066326E-03 , 4.555324E-03 , 3.256285E-03 , 2.126179E-03 , 1.875651E-03 , 7.112761E-04 , 1.614941E-04 , 2.691376E-04 ,-5.151073E-05 , 6.045657E-04 , 8.300957E-05 ,-2.697863E-04 , 1.749823E-04 ,-1.95101E-04 , 6.74959E-05 , 5.109758E-04 , 1.939424E-04 , 4.269233E-04 , 2.901832E-04 ,-6.028071E-04 , 5.863816E-04 ,-3.427294E-04 , 4.404541E-04 
 130 , 8.776482E-04 , 1.457755E-04 ,-2.762447E-04 , 2.461007E-04 , 7.168485E-04 , 6.286358E-04 , 1.018383E-03 , 1.059765E-03 , 1.370203E-03 , 1.732556E-03 , 2.773549E-03 , 3.557629E-03 , 4.260186E-03 , 5.329745E-03 , 6.287644E-03 , 6.383016E-03 , 5.73221E-03 , 4.503064E-03 , 2.885275E-03 , 2.060614E-03 , 1.074828E-03 , 1.281938E-03 , 2.605839E-04 , 8.525897E-05 , 2.881069E-04 , 7.193246E-04 ,-2.160772E-04 , 9.398542E-05 , 4.17966E-04 , 5.263651E-05 , 2.742566E-04 , 5.056449E-04 , 8.132841E-05 , 1.264653E-04 , 2.878022E-04 , 7.279757E-05 , 2.583466E-04 ,-3.121781E-04 , 5.814299E-05 
 140 , 2.811094E-04 , 4.847035E-04 , 8.644407E-04 , 5.461173E-04 , 8.67844E-04 , 5.682162E-04 , 7.784319E-04 , 8.932988E-04 , 1.185323E-03 , 1.709862E-03 , 2.396522E-03 , 3.395715E-03 , 4.097986E-03 , 5.264465E-03 , 5.894265E-03 , 6.079475E-03 , 5.403276E-03 , 4.07872E-03 , 3.069323E-03 , 1.841073E-03 , 1.11107E-03 , 9.772325E-04 , 4.156732E-04 , 5.855712E-04 , 3.216419E-04 , 6.545352E-05 ,-8.666834E-05 ,-1.217753E-04 , 3.752664E-05 ,-4.92555E-04 , 6.317459E-04 , 5.257986E-05 , 1.20988E-05 , 3.460129E-06 ,-1.602264E-04 , 6.254402E-04 ,-3.863708E-04 , 1.572844E-04 ,-5.69262E-04 
 150 , 6.015279E-04 ,-2.479834E-04 , 6.744204E-04 , 8.316856E-04 , 8.516883E-04 , 4.661631E-04 , 7.372391E-04 , 9.879627E-04 , 1.307357E-03 , 1.765336E-03 , 2.123366E-03 , 2.962877E-03 , 3.899855E-03 , 4.834728E-03 , 5.653235E-03 , 5.880828E-03 , 5.134413E-03 , 4.10292E-03 , 2.700944E-03 , 1.661604E-03 , 9.054815E-04 , 8.684177E-04 , 3.12135E-04 ,-6.935532E-05 , 2.534505E-04 , 8.48532E-05 , 1.156868E-04 , 8.624438E-04 ,-5.532561E-04 , 9.405647E-06 ,-1.024655E-05 , 2.090338E-05 , 1.628326E-04 , 8.53655E-04 ,-1.234496E-04 , 6.923043E-05 ,-1.909219E-04 ,-6.763231E-05 ,-2.697194E-04 
 160 , 2.284631E-04 , 1.273474E-04 , 7.387851E-04 , 5.952375E-04 , 6.381456E-04 , 6.26436E-04 , 6.718886E-04 , 9.824941E-04 , 1.270833E-03 , 1.791963E-03 , 2.222167E-03 , 2.996696E-03 , 3.595129E-03 , 4.334743E-03 , 4.897236E-03 , 5.421302E-03 , 4.656357E-03 , 3.662425E-03 , 2.269377E-03 , 1.640394E-03 , 1.121504E-03 , 6.303238E-04 , 5.433108E-04 , 4.825271E-04 , 1.004361E-04 ,-2.711276E-04 , 2.808977E-04 , 5.376518E-04 ,-3.188711E-04 ,-1.155731E-04 , 5.630445E-04 ,-2.248227E-04 ,-5.188945E-05 , 2.737406E-04 , 8.248686E-04 ,-2.762782E-04 ,-1.865313E-04 , 6.98596E-06 , 2.711669E-04 
 170 , 5.663715E-04 , 7.769646E-04 ,-5.796833E-05 , 1.191516E-04 , 4.179367E-04 , 1.218391E-03 , 7.110495E-04 , 9.874611E-04 , 9.077826E-04 , 1.338625E-03 , 2.072547E-03 , 2.717127E-03 , 3.254396E-03 , 4.223966E-03 , 4.795464E-03 , 0.0048806 , 4.470501E-03 , 3.431651E-03 , 2.352383E-03 , 1.376295E-03 , 1.148313E-03 , 4.569878E-04 , 2.644895E-04 , 2.682224E-04 , 6.217721E-05 , 1.25057E-04 , 2.514769E-04 ,-5.743415E-04 , 3.406408E-05 , 1.016403E-04 , 3.033273E-04 , 6.150164E-04 ,-3.791924E-04 ,-9.006382E-06 , 1.313281E-03 ,-4.566162E-04 , 5.949559E-04 , 2.253612E-04 , 4.982597E-04 
 180 , 9.210684E-04 , 3.11232E-04 ,-2.750546E-04 , 1.569784E-04 , 5.463744E-04 , 1.067972E-03 , 1.120666E-03 , 6.614168E-04 , 9.480891E-04 , 1.116469E-03 , 1.907083E-03 , 2.497819E-03 , 3.185312E-03 , 3.850745E-03 , 4.598224E-03 , 4.743172E-03 , 4.321101E-03 , 2.919276E-03 , 2.025855E-03 , 1.304383E-03 , 9.943357E-04 , 6.835613E-04 , 5.538719E-04 , 3.883487E-04 , 3.491736E-04 , 2.304626E-04 , 2.348146E-06 ,-3.209882E-04 , 1.962233E-04 ,-4.909667E-04 , 2.050964E-04 , 5.475319E-04 , 2.359393E-04 ,-4.385516E-04 ,-1.772565E-05 ,-8.142087E-04 , 7.177987E-04 ,-5.408514E-04 , 1.714056E-04 
 190 , 8.573935E-04 , 5.041527E-04 , 5.210142E-04 ,-2.125852E-05 , 5.553744E-04 , 6.544255E-04 , 3.38007E-04 , 5.643179E-04 , 1.072239E-03 , 1.278211E-03 , 1.974095E-03 , 2.157248E-03 , 2.980221E-03 , 3.601061E-03 , 4.326222E-03 , 4.35907E-03 , 3.823112E-03 , 2.874443E-03 , 2.377448E-03 , 1.342767E-03 , 9.949461E-04 , 6.017798E-04 , 1.141632E-04 , 3.174929E-04 , 6.420517E-05 , 4.166883E-04 , 2.496246E-05 ,-2.066272E-04 , 1.197707E-04 , 2.542128E-04 , 5.735912E-04 ,-3.192372E-04 ,-8.696808E-06 , 4.600161E-05 ,-1.421859E-04 , 7.104943E-04 ,-1.817238E-04 ,-2.94302E-04 ,-4.309108E-04 
 200 , 6.152329E-04 ,-5.387912E-04 , 8.757529E-04 , 4.681392E-04 , 2.558782E-04 , 3.625904E-04 , 5.511487E-04 , 8.157069E-04 , 9.935795E-04 , 1.334426E-03 , 1.644731E-03 , 2.099327E-03 , 2.803876E-03 , 3.409119E-03 , 3.905697E-03 , 4.074411E-03 , 3.717707E-03 , 2.837568E-03 , 2.132218E-03 , 1.014881E-03 , 7.497876E-04 , 6.951593E-04 , 2.028682E-04 , 2.462564E-04 , 3.855485E-05 , 5.794058E-05 , 4.625061E-05 , 3.978724E-04 ,-2.94754E-04 , 2.109888E-04 , 3.843917E-04 ,-2.316954E-04 , 4.197398E-04 , 4.413889E-04 ,-3.170542E-04 , 2.928654E-04 ,-2.104013E-04 ,-4.135497E-04 ,-2.171526E-04 
 210 , 5.01635E-04 , 8.015563E-04 , 7.790597E-04 , 4.861256E-04 , 8.11348E-04 , 4.23075E-04 , 7.623209E-04 , 8.755924E-04 , 7.138488E-04 , 8.308106E-04 , 1.547715E-03 , 1.928197E-03 , 2.58766E-03 , 3.050794E-03 , 3.563463E-03 , 3.89954E-03 , 3.381774E-03 , 2.716904E-03 , 1.78766E-03 , 1.136368E-03 , 9.549136E-04 , 4.214948E-04 , 3.571914E-04 , 2.29495E-04 , 1.17703E-04 , 1.264028E-04 , 1.111425E-04 , 4.560836E-04 , 2.373839E-04 , 8.48738E-05 , 5.474542E-04 ,-1.438318E-04 , 7.990949E-06 , 8.793653E-05 ,-4.995968E-04 ,-3.904046E-04 ,-6.543823E-05 ,-1.765701E-04 , 3.997874E-04 
 220 , 1.089169E-03 , 2.070004E-04 , 3.774835E-04 , 2.98764E-04 , 5.904018E-04 , 3.849028E-04 , 8.882823E-04 , 9.323759E-04 , 1.118453E-03 , 1.048706E-03 , 1.670485E-03 , 2.127215E-03 , 2.291561E-03 , 3.061588E-03 , 3.474133E-03 , 3.514714E-03 , 3.018694E-03 , 2.692931E-03 , 1.569168E-03 , 9.287878E-04 , 6.217855E-04 , 4.184748E-04 , 5.416402E-04 , 4.326885E-04 , 2.699559E-04 ,-1.37622E-05 , 2.419768E-04 , 5.949209E-05 , 8.682029E-05 ,-1.317834E-05 , 2.268313E-04 , 5.223992E-04 ,-5.740969E-04 ,-6.004275E-06 ,-2.694912E-05 ,-6.630138E-04 ,-5.423604E-05 , 2.974266E-04 , 5.366791E-04 
 230 ,-1.10633E-04 , 2.547801E-04 , 7.707563E-04 , 5.065614E-04 , 6.067334E-04 , 3.562758E-04 , 2.767156E-04 , 1.034424E-03 , 8.333058E-04 , 8.591624E-04 , 1.243834E-03 , 1.62553E-03 , 2.293963E-03 , 2.722799E-03 , 3.602492E-03 , 3.392791E-03 , 3.195996E-03 , 2.465321E-03 , 1.527558E-03 , 1.020482E-03 , 6.695497E-04 , 3.857171E-04 , 5.048873E-04 , 1.986673E-04 , 2.832538E-04 , 2.293408E-04 ,-1.275465E-04 , 2.942293E-04 , 3.910064E-04 ,-2.195599E-04 ,-2.151268E-04 , 6.36894E-04 , 3.254237E-05 ,-8.78235E-04 , 7.873686E-04 , 2.735383E-05 , 2.677489E-04 , 5.386284E-04 ,-1.848241E-04 
 240 ,-2.868236E-04 ,-1.158772E-04 , 8.098761E-05 , 3.239448E-04 , 3.254238E-04 , 4.961074E-04 , 3.885596E-04 , 4.107183E-04 , 7.667002E-04 , 1.234627E-03 , 1.311969E-03 , 1.707503E-03 , 2.225563E-03 , 2.54126E-03 , 3.104249E-03 , 3.055427E-03 , 2.903224E-03 , 2.171079E-03 , 1.587919E-03 , 8.194892E-04 , 7.494272E-04 , 4.350991E-04 , 2.680374E-04 ,-5.082855E-05 , 2.873118E-04 , 2.89668E-04 ,-4.139675E-05 ,-2.237141E-04 ,-2.158781E-05 ,-7.868683E-05 , 4.469047E-04 ,-1.701411E-04 ,-7.043593E-05 , 2.391616E-05 ,-2.290944E-04 , 1.768755E-04 ,-1.717474E-04 ,-9.080725E-05 , 1.712228E-04 
 250 , 1.981267E-04 ,-1.541931E-04 , 4.591138E-04 , 5.140485E-04 , 1.603871E-04 , 3.161451E-04 , 6.232318E-04 , 7.919857E-04 , 7.53743E-04 , 1.151205E-03 , 1.291593E-03 , 1.78283E-03 , 1.952722E-03 , 2.629093E-03 , 2.934166E-03 , 2.957402E-03 , 2.820801E-03 , 2.071047E-03 , 1.655072E-03 , 8.836678E-04 , 6.909802E-04 , 2.903339E-04 , 3.195894E-04 ,-1.107176E-04 ,-6.271625E-05 , 2.561799E-04 ,-6.416073E-05 , 2.921033E-04 ,-2.706864E-04 ,-6.544722E-04 , 4.440395E-04 , 4.572134E-04 , 4.041283E-04 , 4.725627E-04 , 2.905578E-04 , 2.363558E-04 ,-3.561216E-04 ,-5.340201E-04 , 1.766409E-06 
 260 , 1.019846E-03 , 5.454971E-04 , 7.552953E-04 ,-8.935402E-05 , 1.83609E-04 , 3.800379E-04 , 3.88415E-04 , 7.751358E-04 , 7.34689E-04 , 8.673611E-04 , 1.026963E-03 , 1.749611E-03 , 1.771464E-03 , 2.34528E-03 , 2.72894E-03 , 2.857059E-03 , 2.528922E-03 , 1.873218E-03 , 1.449743E-03 , 7.301029E-04 , 4.232448E-04 , 3.752489E-04 , 2.581988E-04 ,-5.550604E-05 , 5.217455E-05 , 4.407612E-04 , 3.725441E-04 , 4.264083E-04 ,-7.356725E-05 ,-3.239268E-05 , 4.013512E-04 ,-2.677907E-04 , 1.770869E-04 , 2.056202E-04 ,-6.533803E-05 ,-6.200539E-04 , 1.58438E-04 ,-2.832605E-04 ,-1.241179E-04 
 270 ,-2.992437E-04 , 1.041819E-04 , 5.668969E-04 , 2.305242E-04 , 3.631685E-04 , 6.774082E-04 , 4.69726E-04 , 3.356673E-04 , 5.86149E-04 , 6.181767E-04 , 1.116484E-03 , 1.383507E-03 , 1.791506E-03 , 2.134984E-03 , 2.66375E-03 , 2.701022E-03 , 2.336755E-03 , 1.720609E-03 , 1.371222E-03 , 9.74926E-04 , 5.619145E-04 , 3.027265E-04 , 1.408384E-04 , 6.406028E-05 , 3.737651E-05 , 1.871364E-04 ,-1.655123E-04 ,-1.786249E-04 , 1.008252E-04 ,-2.339196E-05 , 5.172783E-04 , 6.455783E-04 , 2.831104E-04 , 7.663813E-05 , 2.392467E-04 ,-4.910927E-04 , 3.545219E-04 ,-7.628101E-04 , 5.799812E-04 
 280 , 4.959704E-04 ,-4.387539E-04 , 3.691401E-04 , 2.477008E-04 , 5.555599E-04 , 3.299425E-04 , 5.971937E-04 , 7.484289E-05 , 7.744274E-04 , 6.909983E-04 , 1.081277E-03 , 1.490547E-03 , 1.630413E-03 , 2.079292E-03 , 2.507472E-03 , 2.413814E-03 , 2.352998E-03 , 1.603739E-03 , 1.004025E-03 , 6.293555E-04 , 3.062802E-04 , 3.611001E-04 , 3.163691E-04 , 3.070316E-04 ,-5.014345E-06 , 4.011189E-05 ,-4.58309E-04 ,-3.260848E-05 , 3.479968E-04 , 1.035812E-04 ,-2.575978E-07 , 6.683412E-04 , 2.702219E-05 ,-3.638057E-05 , 1.913387E-04 ,-8.177038E-05 , 3.06835E-04 ,-7.891953E-06 ,-1.487789E-04 
 290 ,-7.493643E-04 ,-2.853313E-04 , 2.559724E-04 ,-3.997809E-06 , 2.530966E-04 , 3.620291E-04 , 5.293092E-04 , 2.897312E-04 , 7.398401E-04 , 7.07883E-04 , 9.999651E-04 , 1.393461E-03 , 1.56707E-03 , 2.007023E-03 , 2.314791E-03 , 2.268747E-03 , 2.142868E-03 , 1.611219E-03 , 1.285786E-03 , 6.520083E-04 , 8.851499E-04 , 3.952652E-04 ,-1.713523E-04 , 4.963678E-04 ,-1.485106E-05 ,-1.254414E-04 ,-1.888717E-06 , 2.435915E-05 , 1.039318E-04 , 2.324789E-04 , 9.969884E-04 ,-2.540158E-04 ,-2.939262E-04 ,-2.269344E-04 ,-1.886622E-04 , 2.75611E-04 ,-3.1123E-04 ,-3.10484E-04 ,-4.825087E-04 
 300 ,-8.911785E-05 ,-2.446836E-04 , 7.297191E-04 , 1.724111E-04 ,-1.802894E-04 , 3.879901E-04 , 3.335254E-04 , 7.034814E-04 , 6.711787E-05 , 7.853804E-04 , 9.667894E-04 , 1.216787E-03 , 1.545169E-03 , 2.223947E-03 , 1.877493E-03 , 2.168732E-03 , 2.064663E-03 , 1.437351E-03 , 1.00972E-03 , 7.943483E-04 , 1.580835E-04 , 3.572179E-04 , 4.84424E-04 , 7.101313E-05 , 2.353832E-04 , 2.262279E-04 , 1.395836E-04 , 4.117198E-04 , 3.665961E-06 , 2.513005E-04 , 7.396493E-04 , 3.410924E-05 , 6.95956E-04 , 5.444951E-04 , 4.839255E-06 , 4.798406E-04 ,-5.036535E-04 ,-2.075305E-06 , 2.141838E-04 
 310 , 8.308998E-05 ,-2.422447E-04 , 5.756733E-04 , 9.252429E-05 , 6.54479E-04 , 1.133968E-04 , 1.743897E-04 , 3.506965E-04 , 2.713428E-04 , 4.313684E-04 , 6.764611E-04 , 1.324262E-03 , 1.366572E-03 , 1.593356E-03 , 2.002515E-03 , 1.953917E-03 , 1.831033E-03 , 1.332055E-03 , 9.13479E-04 , 6.160575E-04 , 5.300975E-04 , 1.266182E-04 , 2.822889E-04 , 2.247622E-04 , 2.17569E-05 , 3.39449E-05 , 3.274337E-04 , 5.824243E-04 ,-3.539758E-04 , 5.316982E-04 , 2.996325E-04 ,-3.341957E-04 , 1.427681E-04 , 3.73344E-04 ,-1.65438E-04 ,-1.532507E-04 ,-3.167861E-04 , 2.133124E-04 , 7.375214E-04 
 320 , 1.235218E-03 ,-1.348203E-04 , 2.977276E-04 ,-5.280036E-04 , 7.046895E-04 , 1.392494E-04 , 3.551142E-04 , 2.996493E-04 , 4.79157E-04 , 3.848022E-04 , 7.699804E-04 , 1.104261E-03 , 1.263508E-03 , 1.539417E-03 , 1.949086E-03 , 2.038266E-03 , 1.590699E-03 , 1.400688E-03 , 7.704401E-04 , 7.817384E-04 , 5.372755E-04 , 1.093734E-04 , 0.0001575 ,-3.227486E-05 ,-1.112336E-04 ,-1.376304E-04 , 3.118019E-04 , 4.663715E-04 ,-8.094874E-05 , 6.746106E-05 , 2.419232E-04 , 3.979759E-04 , 4.968105E-05 , 1.681025E-04 , 9.901752E-04 , 8.240372E-05 , 7.506871E-04 ,-3.44897E-05 , 1.240925E-04 
 330 ,-7.068308E-04 , 9.285636E-04 , 1.133869E-04 , 6.053636E-04 ,-5.13336E-05 , 4.848781E-04 , 4.554582E-04 , 3.989939E-04 , 4.609555E-04 , 5.55533E-04 , 7.556353E-04 , 8.987066E-04 , 1.14914E-03 , 1.426459E-03 , 1.896099E-03 , 1.718654E-03 , 1.627025E-03 , 1.219251E-03 , 9.062464E-04 , 5.086759E-04 , 1.919779E-04 , 1.873252E-04 , 2.555156E-04 , 1.372081E-05 , 1.916297E-04 , 1.762284E-04 , 4.287929E-06 ,-7.306925E-05 , 4.517061E-04 , 2.674531E-04 ,-3.960622E-04 , 4.231014E-04 ,-2.503093E-05 ,-7.606605E-04 ,-2.475689E-05 ,-4.494906E-04 , 4.693091E-04 ,-1.477019E-04 ,-3.13089E-04 
 340 , 2.535758E-04 ,-3.541367E-04 , 5.969117E-05 ,-1.441801E-04 , 4.288818E-04 , 3.574452E-04 , 6.374569E-04 , 3.054601E-04 , 1.704388E-04 , 5.337496E-04 , 9.508147E-04 , 1.170662E-03 , 1.086147E-03 , 1.558456E-03 , 1.651005E-03 , 1.665769E-03 , 1.340101E-03 , 1.147195E-03 , 7.277786E-04 , 4.943958E-04 , 2.764208E-04 , 1.371953E-04 , 4.949385E-05 , 1.157388E-04 , 3.252066E-04 , 1.29487E-04 , 1.645541E-04 , 1.013984E-04 , 3.073353E-04 ,-2.19533E-04 , 8.155761E-04 ,-3.68124E-04 , 2.773302E-04 , 1.400555E-04 ,-1.538923E-04 , 3.416814E-04 ,-2.384101E-04 ,-3.838212E-04 , 2.710145E-04 
 350 , 6.245797E-04 ,-5.943682E-04 ,-1.712629E-04 , 1.514498E-05 , 3.941921E-04 , 1.116671E-04 , 4.066328E-04 , 2.889798E-04 , 4.313305E-04 , 4.967339E-04 , 3.84592E-04 , 7.057686E-04 , 9.704256E-04 , 1.183104E-03 , 1.547129E-03 , 1.720004E-03 , 1.284196E-03 , 9.386286E-04 , 5.898753E-04 , 6.426006E-04 , 2.214161E-04 , 4.066254E-04 , 4.082768E-04 , 1.323389E-04 ,-2.16304E-04 ,-2.204511E-04 , 2.624073E-04 , 1.495363E-04 ,-6.902273E-04 , 1.642643E-04 , 2.5524E-04 ,-7.429471E-05 ,-6.822195E-05 , 4.001328E-04 , 3.376473E-04 ,-3.545732E-04 ,-8.089289E-05 ,-1.382346E-04 ,-9.029046E-05 
 360 , 5.703422E-04 ,-4.018973E-04 ,-2.307795E-04 , 3.3157E-04 , 4.062497E-04 , 2.74849E-04 , 3.130942E-04 , 2.474061E-04 , 3.490317E-04 , 5.145153E-04 , 6.496556E-04 , 9.846393E-04 , 9.027618E-04 , 1.118103E-03 , 1.396158E-03 , 1.523509E-03 , 1.541707E-03 , 1.066121E-03 , 7.013737E-04 , 3.071206E-04 , 6.244467E-04 , 2.242653E-04 , 4.359841E-04 ,-4.536705E-05 ,-4.230501E-05 ,-1.19809E-04 , 2.562781E-04 , 1.106895E-04 ,-3.447166E-04 , 3.944034E-04 , 3.444305E-04 ,-1.91826E-04 , 5.420167E-04 , 1.080696E-03 ,-1.746583E-04 ,-2.936222E-04 ,-4.279497E-04 ,-2.276107E-04 , 1.169105E-03 
 370 ,-1.209792E-04 , 5.209678E-04 ,-4.894154E-04 , 1.746226E-04 , 2.256525E-04 , 8.90883E-05 , 3.642223E-04 , 5.064799E-04 , 1.126474E-04 , 5.612873E-04 , 7.162172E-04 , 8.084584E-04 , 8.155143E-04 , 1.050275E-03 , 1.424609E-03 , 1.31626E-03 , 1.220517E-03 , 8.1936E-04 , 8.77779E-04 , 3.265609E-04 , 3.607416E-04 ,-4.258093E-05 , 3.244897E-05 , 1.586128E-04 , 2.175084E-04 ,-6.40424E-05 ,-2.302137E-05 ,-2.53953E-05 ,-4.271634E-05 ,-1.957206E-04 , 9.741155E-05 , 7.990685E-05 ,-5.448668E-04 ,-1.951473E-04 ,-4.447406E-04 ,-1.681854E-04 , 3.904714E-04 ,-1.383515E-04 , 2.385302E-04 
 380 ,-4.888894E-05 , 6.096056E-04 , 2.810576E-05 ,-9.941695E-05 , 3.044165E-05 , 4.982597E-04 , 1.179715E-05 , 4.262011E-04 , 4.142602E-04 , 4.115635E-04 , 2.703443E-04 , 6.592236E-04 , 8.490737E-04 , 7.872315E-04 , 1.383649E-03 , 1.248819E-03 , 1.105873E-03 , 9.58095E-04 , 5.644526E-04 , 3.697054E-04 , 1.497211E-04 , 3.865224E-04 , 1.090966E-04 , 6.505354E-05 , 4.866682E-05 ,-1.200052E-04 ,-2.404136E-04 ,-2.47615E-04 , 2.301499E-04 ,-2.096658E-05 ,-4.359516E-04 , 7.230135E-04 ,-1.658191E-04 ,-4.414491E-04 , 4.083982E-04 , 4.032924E-04 , 7.189405E-04 ,-3.757901E-04 ,-3.999675E-04 
 390 ,-1.253303E-04 ,-8.487755E-05 , 3.551713E-04 ,-4.573458E-04 , 4.440943E-04 ,-1.160772E-04 , 7.979351E-05 , 1.456426E-04 , 4.466943E-04 , 4.952545E-04 , 5.737156E-04 , 7.228276E-04 , 5.981717E-04 , 9.227903E-04 , 1.324383E-03 , 1.127726E-03 , 9.656638E-04 , 5.610218E-04 , 6.372907E-04 , 3.905601E-04 , 4.574093E-04 , 5.404969E-04 , 2.710487E-04 , 6.879134E-05 , 1.594765E-05 , 1.9897E-04 ,-1.90719E-04 ,-6.244805E-05 , 2.395235E-04 , 9.854033E-05 , 1.159059E-04 , 6.103948E-05 , 3.63721E-04 ,-1.23478E-04 ,-2.047767E-04 , 3.61215E-04 ,-4.811604E-04 ,-3.178446E-04 ,-1.404674E-04 
 400 ,-1.54917E-04 , 1.895751E-04 ,-2.182103E-04 , 2.466184E-04 , 1.902374E-04 , 4.641151E-05 , 2.731501E-04 , 3.410276E-04 , 4.147854E-04 , 3.196178E-04 , 4.38428E-04 , 4.449847E-04 , 7.542494E-04 , 1.016154E-03 , 7.195157E-04 , 1.158305E-03 , 1.034268E-03 , 6.956274E-04 , 7.218822E-04 , 3.258152E-04 , 3.36862E-04 ,-4.594241E-05 , 1.732681E-04 ,-1.154989E-04 , 4.276928E-04 ,-1.448597E-04 , 5.104652E-08 , 4.613265E-04 ,-6.116292E-04 ,-2.272098E-04 , 4.772189E-04 , 1.159702E-04 , 6.878238E-04 , 3.19924E-04 , 2.422428E-04 , 9.353322E-04 ,-6.170457E-04 , 2.551627E-04 ,-3.560283E-04 
 410 , 2.661084E-04 , 1.669806E-04 ,-1.665488E-04 , 4.474227E-04 , 5.05042E-04 ,-7.384254E-06 , 2.162517E-04 ,-1.601821E-05 , 3.669134E-04 , 4.632829E-04 , 4.973338E-04 , 8.074198E-04 , 6.902881E-04 , 8.730043E-04 , 1.221539E-03 , 8.656044E-04 , 1.124596E-03 , 6.715266E-04 , 5.839295E-04 , 4.785712E-04 , 3.450064E-04 , 1.106093E-04 , 2.95706E-04 , 1.55371E-04 ,-1.627859E-04 ,-1.948445E-04 , 3.973747E-04 , 4.659758E-04 ,-2.506885E-04 , 1.128003E-04 , 4.285394E-04 ,-2.70649E-04 , 2.670222E-04 , 4.288589E-04 , 1.505267E-05 ,-3.908536E-04 , 2.183192E-04 ,-1.998561E-04 , 1.583658E-04 
 420 , 6.5204E-04 ,-3.527024E-04 ,-1.017848E-04 , 3.602831E-04 , 5.050884E-04 , 3.718988E-04 , 3.073602E-04 , 2.817166E-04 ,-7.859711E-05 , 4.021955E-04 , 4.799257E-04 , 5.603948E-04 , 8.640659E-04 , 6.049515E-04 , 1.001356E-03 , 8.661096E-04 , 9.132602E-04 , 5.558674E-04 , 4.82915E-04 , 3.350296E-04 ,-1.231758E-05 , 1.252961E-04 , 3.19722E-05 , 2.142509E-04 , 3.655441E-05 ,-2.046139E-06 , 1.016455E-04 , 2.685202E-04 , 1.552194E-04 ,-7.486061E-05 , 2.328164E-04 , 4.156434E-05 ,-2.595777E-04 ,-4.850102E-04 , 8.954578E-04 ,-6.859501E-04 , 1.025863E-05 , 1.459393E-04 , 6.367074E-04 
 430 ,-7.174042E-04 , 4.285643E-04 ,-3.456473E-04 ,-2.666438E-04 ,-4.002961E-05 , 4.346302E-04 , 7.762633E-05 , 3.13976E-04 , 9.824015E-05 , 4.473939E-04 , 3.315305E-04 , 3.577655E-04 , 5.771273E-04 , 8.575918E-04 , 1.278012E-03 , 8.860059E-04 , 8.881343E-04 , 5.950664E-04 , 5.2627E-04 , 4.809422E-04 , 8.390722E-05 , 3.14113E-04 , 2.955271E-04 ,-9.336838E-05 , 3.497221E-04 , 3.061326E-04 ,-5.900576E-05 , 1.412329E-04 ,-1.55164E-04 , 1.352022E-04 , 7.247693E-05 , 2.210121E-04 , 3.814831E-04 ,-6.171795E-05 , 3.386641E-04 ,-2.411952E-04 , 2.088066E-04 ,-4.879498E-04 , 6.442714E-04 
 440 ,-9.808361E-04 , 8.465484E-05 , 2.894334E-04 ,-5.926152E-06 , 2.655212E-04 , 3.128712E-04 , 3.79933E-04 , 1.030813E-04 , 3.064179E-04 , 3.413631E-04 , 3.466293E-04 , 5.52002E-04 , 5.471011E-04 , 8.594297E-04 , 1.065125E-03 , 8.164708E-04 , 5.360891E-04 , 4.662744E-04 , 5.159689E-04 , 2.982529E-04 , 6.809898E-05 , 3.056881E-04 , 2.201975E-05 , 1.507697E-04 , 4.030358E-04 , 5.663382E-04 ,-1.625017E-04 , 1.669839E-04 , 1.409581E-04 ,-1.733347E-04 , 7.439213E-04 ,-1.881764E-04 , 4.348666E-05 , 2.457377E-04 ,-2.422414E-04 ,-1.093419E-04 ,-4.719406E-04 ,-2.262322E-05 , 7.727188E-05 
 450 ,-1.532733E-04 ,-1.505578E-04 , 3.858633E-05 , 2.49277E-06 , 1.421256E-04 , 2.104573E-04 , 1.966932E-04 , 4.695959E-04 , 3.481127E-04 , 1.720305E-04 , 3.160341E-04 , 4.409821E-04 , 5.312807E-04 , 9.700345E-04 , 7.661543E-04 , 8.634998E-04 , 7.52346E-04 , 4.27057E-04 , 5.615823E-04 , 2.570593E-04 , 7.501437E-06 , 2.526983E-04 , 4.741331E-04 ,-1.040811E-04 , 9.646206E-05 ,-1.572419E-05 , 2.210366E-04 , 8.904352E-05 ,-6.188999E-04 ,-3.673885E-04 , 5.242418E-04 ,-2.306253E-05 , 1.03637E-04 , 5.483672E-04 ,-3.279811E-04 , 6.868383E-04 ,-7.56996E-04 ,-5.676792E-04 ,-3.6464E-04 
 460 , 3.9949E-04 , 1.23279E-04 , 5.130628E-05 , 1.369825E-04 , 6.950461E-05 , 4.683218E-05 , 1.306051E-04 , 2.619815E-04 , 7.866382E-05 , 5.158852E-04 , 2.236075E-04 , 4.161963E-04 , 4.52871E-04 , 5.691082E-04 , 7.577731E-04 , 7.458808E-04 , 6.202536E-04 , 5.361493E-04 , 5.743447E-04 , 3.909863E-04 , 1.239426E-04 , 5.69535E-05 , 3.192316E-04 , 7.944948E-06 , 2.293243E-04 , 9.360016E-05 , 2.677705E-04 , 4.250235E-04 ,-2.609165E-04 , 1.720289E-04 , 4.465035E-04 , 1.472659E-05 , 4.674127E-04 , 2.137656E-04 ,-4.761433E-05 ,-3.569583E-04 , 1.567694E-04 ,-1.001879E-04 , 7.398094E-04 
 470 ,-1.700479E-04 , 3.095081E-04 , 2.315218E-04 ,-2.522602E-04 , 2.207387E-04 , 3.05201E-04 , 3.48464E-04 ,-6.021538E-05 , 7.653829E-05 , 1.054821E-04 , 4.444007E-04 , 5.803842E-04 , 5.258105E-04 , 4.931018E-04 , 1.062511E-03 , 7.601325E-04 , 6.193547E-04 , 7.321709E-04 , 3.017013E-04 , 4.676221E-04 , 1.676922E-04 ,-1.540416E-04 ,-1.278057E-04 , 1.302998E-04 ,-6.548333E-05 , 1.906002E-06 , 2.150101E-04 , 2.229396E-04 ,-9.387878E-05 , 6.198939E-05 , 1.506637E-04 , 2.036302E-04 , 3.389582E-04 , 9.582522E-05 , 3.488318E-04 ,-3.748936E-05 , 5.246126E-04 ,-5.44413E-04 , 5.723573E-04 
 480 , 2.855614E-04 , 3.366114E-04 ,-6.773217E-05 , 2.085485E-04 , 5.583435E-04 , 4.307473E-04 , 8.513928E-05 , 4.857824E-04 , 2.11438E-04 , 1.517173E-04 , 3.986974E-04 , 5.38034E-04 , 3.964732E-04 , 7.843701E-04 , 9.494922E-04 , 5.764946E-04 , 8.125622E-04 , 4.440438E-04 , 2.808541E-04 , 2.384742E-04 , 2.397225E-04 , 2.216779E-04 , 3.36111E-05 , 1.724171E-04 , 3.400591E-05 , 2.214044E-04 , 1.04658E-04 ,-2.319117E-04 , 3.009234E-05 , 3.898448E-04 ,-1.728734E-05 , 3.63899E-04 ,-2.962032E-04 , 2.370317E-04 ,-3.733423E-04 , 1.18836E-04 , 6.160862E-04 ,-0.0001605 , 4.407894E-04 
 490 , 3.725297E-04 , 3.521749E-04 , 3.365311E-04 , 2.615837E-04 , 3.980413E-04 , 3.654437E-04 , 1.093647E-04 , 2.690941E-04 , 1.500193E-04 , 4.083312E-04 , 4.76484E-04 , 6.177555E-04 , 5.930116E-04 , 6.511376E-04 , 5.81833E-04 , 7.079532E-04 , 6.636033E-04 , 3.707688E-04 , 1.783738E-04 , 2.014394E-04 , 4.406454E-04 , 2.48012E-04 , 2.251964E-04 , 5.138338E-05 , 5.452649E-04 ,-5.953031E-05 , 4.109439E-05 ,-4.150128E-05 , 2.095695E-04 ,-1.002693E-04 , 3.894336E-04 ,-3.084437E-04 ,-2.812583E-04 , 1.246677E-05 ,-5.08089E-04 , 3.712491E-04 ,-4.45891E-04 , 2.499213E-05 , 4.919483E-04 
 500 ,-6.295258E-04 , 6.807684E-04 , 5.036068E-04 ,-3.021777E-04 , 3.723502E-04 , 3.717117E-04 , 1.327244E-04 , 1.79244E-04 , 2.341442E-04 , 4.361897E-04 , 1.599921E-04 , 3.923309E-04 , 4.92649E-04 , 3.461641E-04 , 5.093502E-04 , 7.098888E-04 , 4.03222E-04 , 4.921016E-04 , 8.234139E-04 , 2.101719E-04 , 2.657572E-04 ,-8.768574E-05 , 1.882616E-04 , 1.573057E-04 , 1.043005E-04 ,-3.016595E-04 ,-3.277063E-05 , 1.578399E-04 ,-4.701066E-04 ,-1.768906E-04 , 7.296146E-04 ,-1.418547E-04 , 1.141979E-04 , 7.502204E-04 , 1.019031E-04 , 3.044998E-04 , 9.414382E-05 , 2.073759E-04 ,-8.46896E-04 
 510 ,-3.188154E-04 ,-6.282247E-05 , 5.844022E-04 ,-1.452144E-04 , 2.304737E-04 , 4.577416E-04 , 4.254778E-04 ,-8.298794E-05 , 1.43353E-04 , 2.346737E-04 , 9.982476E-05 , 3.527261E-04 , 3.624205E-04 , 2.701705E-04 , 3.906025E-04 , 4.87074E-04 , 5.194205E-04 , 4.524026E-04 , 2.535031E-04 ,-1.019617E-04 , 2.02612E-04 ,-6.789191E-05 , 1.25906E-04 ,-2.222167E-04 ,-1.161097E-04 ,-5.473792E-05 , 2.519877E-04 , 3.229562E-04 ,-2.511973E-04 , 3.276198E-04 , 5.544469E-04 ,-8.123066E-05 , 3.451889E-04 , 5.570794E-04 ,-3.338052E-04 , 2.556317E-04 ,-7.75296E-05 ,-3.508196E-04 , 2.310646E-04 
 520 , 1.739364E-04 ,-1.858095E-04 , 4.006317E-05 , 1.498739E-04 , 5.513942E-05 , 1.335925E-04 ,-1.180983E-04 , 9.260795E-06 , 3.867416E-05 , 4.60871E-05 , 3.732171E-04 , 2.077075E-04 , 4.115119E-04 , 1.840972E-04 , 6.668968E-04 , 5.036163E-04 , 5.224933E-04 , 6.07594E-04 , 2.009573E-04 , 9.346817E-05 , 3.362248E-04 , 4.121762E-04 , 3.103162E-04 ,-8.040828E-05 ,-3.235943E-04 , 8.216187E-05 ,-4.762379E-05 ,-1.940338E-04 , 1.520106E-04 , 6.23639E-04 , 3.950486E-04 , 2.838868E-05 , 1.531052E-04 ,-2.127449E-04 , 8.959937E-04 ,-2.174775E-04 ,-3.636197E-05 ,-6.408563E-04 , 5.791578E-04 
 530 ,-3.654941E-04 ,-5.900675E-04 , 6.894015E-04 , 2.769261E-04 , 7.827082E-04 , 1.275618E-04 , 1.727519E-04 , 2.578743E-04 ,-7.854465E-05 , 2.59728E-04 , 4.273645E-04 , 2.619393E-04 , 4.017864E-04 , 3.609553E-04 , 8.165264E-04 , 4.446553E-04 , 2.658759E-04 , 5.171213E-04 , 4.223171E-05 ,-6.032313E-05 , 1.913133E-04 , 2.87919E-05 ,-6.781022E-05 , 1.116085E-04 , 1.260353E-04 , 1.684331E-04 ,-7.248545E-06 , 1.124687E-04 , 1.944914E-04 ,-4.538141E-05 ,-1.040285E-04 , 4.824032E-04 ,-3.998731E-04 ,-6.680005E-04 , 1.160233E-04 , 8.150489E-05 , 2.093629E-04 , 2.302158E-04 ,-3.687176E-04 
 540 ,-1.610629E-03 ,-2.587434E-04 , 2.390999E-04 ,-9.607834E-05 , 5.900306E-04 ,-2.981666E-05 , 9.087042E-05 , 2.26721E-04 , 4.182282E-05 , 2.09347E-04 , 2.686385E-04 , 4.88512E-04 , 1.396219E-04 , 1.600322E-04 , 6.331087E-04 , 5.067567E-04 , 3.781835E-04 , 3.545637E-04 , 2.579078E-04 , 1.216829E-04 , 2.056029E-04 ,-4.352904E-05 ,-8.205022E-05 , 1.487305E-04 , 2.082423E-04 , 9.165702E-06 , 2.908072E-04 ,-4.138472E-04 , 1.169696E-04 ,-2.060646E-04 , 5.782341E-04 ,-1.03133E-04 , 3.369777E-05 ,-1.412311E-04 ,-1.768765E-04 , 5.079276E-04 ,-2.180428E-04 , 1.767589E-04 ,-1.238439E-04 
 550 ,-1.505178E-04 ,-1.860008E-04 , 7.495215E-04 , 5.082095E-04 , 2.254208E-04 , 7.062411E-05 , 6.136361E-04 , 1.983243E-04 , 2.568618E-05 , 9.371193E-05 , 2.586596E-04 , 2.993129E-04 , 3.505835E-04 , 3.925587E-04 , 4.452001E-04 , 4.740648E-04 , 5.175363E-04 , 4.351459E-04 , 1.071998E-04 ,-4.1804E-05 , 3.486077E-04 ,-1.666539E-06 , 1.177098E-04 , 2.553826E-04 , 7.324892E-05 ,-7.146902E-05 , 2.849841E-04 , 4.681522E-04 ,-3.345413E-04 ,-8.827919E-05 , 6.352715E-04 ,-3.325469E-05 , 6.062577E-05 , 4.8163E-04 , 1.024914E-04 , 3.672017E-04 ,-1.026361E-03 ,-4.542845E-04 ,-2.558402E-04 
 560 , 7.438291E-04 , 6.381173E-04 , 3.428715E-04 , 2.550422E-04 , 1.215013E-04 , 4.35098E-04 , 3.418733E-06 , 3.667783E-04 , 1.442979E-04 , 1.982312E-04 , 2.335287E-04 , 5.049693E-04 , 6.339401E-05 , 4.631437E-04 , 3.488431E-04 , 4.815786E-04 , 2.304743E-04 , 3.618124E-04 , 2.115581E-04 , 9.035402E-05 , 1.67443E-04 ,-2.847395E-05 , 2.213805E-04 ,-3.056656E-04 ,-4.575935E-06 ,-2.528176E-05 , 4.380468E-04 , 2.221981E-04 ,-1.977632E-04 , 5.751508E-05 , 1.928119E-04 ,-1.223878E-04 ,-7.226487E-05 , 2.833639E-04 ,-5.688114E-04 ,-9.083942E-05 ,-1.609638E-05 ,-2.225273E-04 , 2.815283E-04 
 570 , 4.038948E-04 ,-4.038349E-05 , 7.145306E-07 ,-1.648203E-04 ,-1.336956E-04 , 2.107846E-04 , 3.087575E-04 ,-1.088121E-04 , 1.852684E-04 , 5.911137E-06 , 2.076317E-04 , 4.024105E-04 , 4.446672E-04 , 4.608615E-04 , 4.280424E-04 , 4.149396E-04 , 1.847636E-04 , 3.72566E-04 , 5.359658E-05 , 3.244012E-05 , 1.341043E-04 ,-1.53582E-04 ,-2.175451E-04 , 1.992425E-04 ,-4.479825E-05 ,-1.123272E-04 , 1.737971E-04 , 2.114711E-04 ,-3.056424E-04 , 7.624821E-05 , 2.59049E-04 , 4.932386E-05 ,-1.569009E-04 , 1.773162E-04 , 3.415539E-04 ,-4.715685E-04 , 3.76503E-04 ,-7.247305E-04 , 4.417955E-04 
 580 , 1.018101E-03 ,-3.339799E-05 , 4.663144E-04 ,-2.492692E-05 ,-8.853277E-05 , 1.735661E-04 , 1.472707E-04 , 2.980464E-04 , 2.786674E-04 ,-1.083687E-05 , 1.909743E-04 , 4.974077E-04 , 3.832992E-04 , 3.9109E-04 , 5.876539E-04 , 3.20171E-04 , 3.19824E-04 , 1.095838E-04 , 1.657767E-04 , 2.647811E-04 ,-4.090962E-05 , 2.839221E-04 , 2.629988E-04 , 6.735372E-05 , 2.761798E-04 , 2.276582E-04 ,-2.567901E-04 ,-2.828712E-04 , 3.507485E-04 ,-1.58895E-04 ,-1.457473E-04 , 3.180714E-04 ,-2.52682E-04 ,-1.513536E-04 ,-1.467829E-04 , 3.816208E-04 , 4.705337E-04 ,-9.558014E-06 , 3.771085E-04 
 590 , 1.443294E-04 ,-1.795916E-04 ,-5.97306E-05 ,-4.472634E-05 , 5.143194E-04 , 5.473152E-05 , 3.486271E-05 , 1.649718E-04 , 1.044334E-04 , 1.384129E-04 , 5.699931E-05 , 3.934574E-04 , 3.176218E-04 , 3.027375E-04 , 4.284774E-04 , 4.330491E-04 , 2.794347E-04 , 4.022521E-04 , 1.929684E-04 ,-1.621377E-04 , 2.160434E-04 , 2.14031E-04 , 3.259407E-04 , 1.688876E-04 , 2.288856E-04 , 2.64706E-04 ,-4.803212E-05 ,-2.691443E-04 , 1.1809E-04 ,-5.191237E-04 , 4.199158E-04 , 3.727384E-05 , 2.3321E-04 ,-1.498277E-04 ,-2.059525E-04 , 5.709676E-05 ,-5.978067E-04 , 5.264832E-04 ,-2.477134E-04 
 600 ,-2.672504E-04 , 4.420236E-04 ,-5.522186E-04 , 6.844027E-04 , 4.013339E-04 , 9.698841E-05 , 2.718974E-04 , 1.431677E-05 ,-8.245315E-05 ,-9.429364E-05 , 4.858818E-05 , 3.270265E-04 , 2.644098E-04 , 5.904669E-04 , 1.53476E-04 , 3.404628E-04 , 3.82994E-04 , 1.808985E-04 , 2.245151E-04 , 4.316532E-05 ,-1.687066E-04 , 3.295256E-04 , 2.333349E-04 , 3.534294E-04 , 1.908347E-04 ,-3.616245E-04 , 3.850614E-04 , 3.753715E-04 ,-7.085783E-04 , 1.689015E-04 , 6.676056E-04 , 2.748975E-04 , 1.778575E-04 , 6.874275E-04 ,-6.790908E-06 , 1.336682E-04 ,-7.133108E-05 ,-4.830155E-04 ,-6.811457E-04 
 610 , 2.850775E-04 ,-1.395559E-04 , 7.449406E-04 ,-9.406643E-07 , 1.362859E-04 , 8.731196E-05 , 3.056255E-04 , 2.042839E-04 ,-7.110003E-06 , 2.600019E-04 , 9.166856E-05 , 4.440359E-04 , 3.512049E-04 , 5.534178E-04 , 1.451882E-04 , 1.220955E-04 , 2.475374E-04 , 4.160324E-04 , 1.367944E-04 , 7.576836E-05 ,-1.053386E-04 , 1.366492E-04 , 2.365546E-04 ,-1.811785E-04 ,-3.948298E-05 , 5.516531E-05 , 4.725905E-04 , 2.390554E-04 ,-2.30028E-04 , 0.000289 , 3.319702E-04 ,-2.786157E-04 , 3.80134E-04 , 3.429921E-04 , 4.495857E-04 , 5.218159E-05 ,-1.397323E-04 ,-5.507478E-04 , 4.805757E-04 
 620 ,-7.979276E-04 , 2.218412E-04 , 2.981566E-04 , 1.589754E-05 , 3.125338E-04 , 2.542523E-05 , 1.306533E-04 , 1.581856E-05 , 1.606226E-04 , 1.922626E-04 , 2.197414E-04 , 3.095682E-04 , 2.377943E-05 , 7.258618E-06 , 4.020489E-04 , 3.666978E-04 , 4.468689E-04 , 3.179621E-04 , 3.898139E-04 , 1.580986E-04 , 3.568631E-04 ,-1.370371E-04 , 2.181116E-05 , 6.60468E-05 ,-1.282175E-04 ,-1.884286E-04 , 1.969821E-04 , 1.220411E-05 ,-1.896203E-04 ,-1.991147E-04 , 2.263731E-04 , 3.097286E-04 ,-9.793333E-05 ,-2.581598E-04 , 1.304029E-03 ,-6.268683E-04 , 6.764469E-05 ,-2.230171E-05 , 4.74417E-04 
 630 ,-1.768156E-04 ,-2.497696E-05 , 3.460656E-04 ,-3.154316E-04 , 6.037571E-05 ,-3.453666E-05 , 1.349882E-04 , 3.141263E-04 , 2.996442E-04 ,-8.091427E-05 , 9.539141E-05 , 9.766437E-05 , 1.111785E-04 , 3.105519E-04 , 5.942365E-04 , 3.017298E-04 , 3.454676E-04 , 1.202414E-04 , 1.571227E-04 , 2.134467E-04 , 9.514776E-05 , 4.406791E-04 , 1.374703E-04 , 9.320548E-05 , 1.809388E-04 , 1.712372E-04 ,-2.781655E-04 ,-1.016217E-04 , 2.188917E-04 , 6.09921E-05 ,-5.466456E-05 ,-3.629708E-05 , 1.323349E-04 ,-3.136886E-04 , 1.280044E-04 ,-1.538964E-04 , 5.815656E-04 , 1.753819E-05 ,-7.823302E-04 
 640 ,-3.332641E-04 ,-2.10154E-04 , 3.323359E-04 ,-1.669649E-05 , 2.677465E-04 , 3.753603E-04 , 2.81871E-04 ,-4.655128E-05 ,-7.59477E-05 , 1.308301E-04 ,-1.233087E-05 , 2.075593E-04 , 1.09067E-04 , 1.769142E-04 , 3.056743E-04 , 1.915755E-04 , 4.171329E-04 , 1.620358E-04 , 4.14048E-04 , 1.199527E-04 , 8.770017E-05 , 3.491084E-04 , 3.435606E-05 , 1.58822E-04 ,-1.550866E-05 , 1.553105E-04 ,-8.370822E-05 ,-3.300373E-05 , 5.575649E-05 ,-5.875057E-06 , 3.330587E-04 ,-9.896552E-05 , 1.020962E-04 ,-2.78094E-04 , 1.665689E-05 , 6.555097E-05 ,-2.886435E-04 ,-6.20795E-05 ,-2.894417E-04 
 650 , 1.175784E-04 , 5.536419E-04 ,-2.635816E-04 , 6.839176E-05 , 2.314008E-04 , 4.464665E-04 , 1.311349E-04 , 4.34068E-04 ,-5.805725E-05 , 1.748735E-05 , 3.430181E-04 , 2.911621E-04 , 1.991541E-04 ,-1.177194E-04 , 1.197822E-04 , 1.949938E-04 , 1.786477E-05 , 3.325185E-04 , 1.914833E-04 ,-1.329552E-04 ,-6.031127E-05 , 2.261914E-04 ,-6.384797E-05 , 1.240519E-04 , 1.719202E-04 , 2.552544E-04 , 3.092989E-04 , 1.948126E-04 ,-7.838045E-04 ,-2.012428E-04 , 6.038284E-04 , 8.590199E-05 , 5.189787E-04 , 7.536865E-04 ,-2.314192E-04 , 5.744551E-04 ,-3.040069E-04 ,-9.486931E-05 ,-3.003069E-04 
 660 , 2.650922E-04 ,-1.350378E-03 ,-2.516798E-04 , 7.290769E-05 , 4.314327E-04 ,-4.294843E-05 , 1.038741E-04 ,-6.557079E-05 , 1.718518E-05 , 1.374274E-04 , 1.92026E-04 , 1.298093E-04 , 5.448352E-05 , 1.897335E-04 , 1.332322E-04 , 1.739243E-04 , 2.047216E-04 , 3.361427E-04 , 2.05003E-04 , 1.048869E-04 ,-2.536439E-04 ,-2.051948E-04 , 3.433251E-04 ,-2.917977E-04 ,-2.934472E-04 , 5.735188E-05 , 2.317574E-05 , 5.350299E-04 ,-4.254994E-04 , 2.982501E-04 , 1.433912E-04 , 4.294667E-04 , 6.000509E-04 , 5.486219E-04 , 1.641626E-05 ,-2.379674E-04 ,-3.788157E-04 ,-3.352232E-04 , 4.340216E-04 
 670 , 2.561403E-04 ,-3.171295E-04 , 3.337184E-04 ,-1.839552E-04 , 1.152911E-04 ,-3.005033E-05 ,-3.840269E-04 , 1.455925E-04 ,-5.984108E-05 , 1.648304E-04 ,-6.091223E-05 ,-4.715067E-05 , 4.383463E-05 ,-1.511718E-04 , 2.089407E-04 , 5.579161E-05 , 7.632854E-05 ,-6.518042E-05 , 6.716315E-05 , 1.772127E-04 , 7.330373E-05 , 3.841837E-05 ,-1.22295E-04 ,-1.228302E-05 ,-1.054809E-04 ,-1.539941E-04 , 3.43117E-04 ,-2.638342E-05 ,-2.770469E-04 ,-2.19533E-04 , 3.653989E-04 , 2.621409E-04 ,-2.267661E-04 , 6.927788E-04 , 8.964223E-04 ,-4.32237E-04 ,-9.184424E-05 ,-4.203245E-04 , 4.927105E-04 
 680 ,-4.028179E-05 ,-1.096104E-04 , 1.030475E-04 ,-3.833042E-05 , 3.738805E-04 ,-1.27571E-04 ,-2.022337E-06 , 1.622677E-04 , 1.88119E-05 ,-5.724629E-05 , 6.339302E-05 , 2.327185E-04 , 7.180791E-05 , 3.212751E-05 , 2.400323E-04 ,-1.109737E-04 , 1.040719E-04 , 2.393781E-04 , 2.474595E-04 , 1.501923E-04 ,-1.158268E-04 , 1.746485E-04 , 2.49101E-05 ,-7.878825E-05 , 1.708511E-04 , 3.007472E-04 ,-1.737276E-04 ,-1.338768E-04 , 3.655773E-04 ,-2.517746E-04 ,-2.973379E-04 , 1.220112E-05 ,-2.673392E-04 ,-4.221323E-04 , 3.82949E-04 ,-4.990032E-04 , 5.516129E-04 , 8.670401E-05 ,-1.763324E-05 
 690 , 4.557878E-04 ,-9.508855E-04 , 3.570783E-04 , 3.149549E-04 , 4.007774E-04 , 9.31552E-05 , 1.609022E-04 , 2.244171E-04 , 7.039794E-05 , 1.766025E-04 , 4.247884E-05 , 1.503417E-04 , 1.31393E-04 , 6.410015E-05 , 1.944556E-04 , 1.106659E-04 , 2.299529E-04 , 1.255403E-04 , 1.616801E-04 ,-6.1281E-05 , 8.219071E-05 , 3.695261E-04 , 2.066243E-04 ,-4.816261E-04 , 7.815455E-05 , 1.807149E-04 , 1.1247E-04 ,-3.568802E-04 ,-2.996894E-04 ,-4.570477E-05 , 4.405727E-04 ,-4.061231E-04 ,-7.130732E-04 , 3.063791E-04 ,-3.088254E-04 , 3.547786E-04 ,-7.078992E-04 ,-2.962591E-04 ,-9.043709E-04 
 700 ,-1.641986E-04 , 2.568867E-04 , 3.282838E-04 ,-3.644926E-05 ,-1.5565E-04 , 5.183352E-05 ,-9.292146E-05 , 9.57211E-05 , 1.120308E-05 , 1.275452E-04 , 4.12854E-05 , 2.345262E-04 ,-3.743599E-05 , 2.16976E-05 , 6.726304E-05 ,-2.019188E-05 , 1.100957E-04 , 6.129887E-05 , 1.699244E-04 , 1.450328E-05 , 2.727924E-04 , 7.623662E-05 , 2.25859E-05 ,-9.517126E-05 , 2.722041E-04 ,-4.452985E-04 , 1.212524E-04 , 8.108716E-05 ,-6.210353E-04 ,-4.560776E-04 , 6.264718E-04 ,-3.270706E-05 , 1.598148E-04 , 1.627577E-04 , 3.002428E-04 , 1.063208E-03 ,-4.95545E-04 , 8.807809E-05 ,-8.811508E-04 
 710 ,-5.331289E-04 , 2.594243E-04 ,-6.366557E-04 , 2.497714E-04 , 1.822184E-04 , 2.295353E-04 , 2.008842E-04 ,-2.342074E-04 , 1.742446E-04 , 2.567433E-04 ,-1.008528E-04 , 3.220171E-04 , 6.261782E-05 , 2.100249E-04 , 7.022438E-05 , 2.433286E-04 , 1.960894E-04 , 1.085061E-04 , 2.285098E-04 , 5.530135E-05 , 1.473951E-04 ,-2.142415E-04 , 1.439167E-05 ,-1.745953E-04 , 1.028205E-04 , 4.120513E-05 , 5.203736E-04 , 2.848354E-04 ,-3.803788E-04 , 2.307262E-04 , 2.345919E-04 ,-3.839624E-04 , 4.491011E-04 , 5.105652E-04 ,-3.177488E-04 , 2.444763E-04 ,-3.102021E-04 , 2.210622E-04 ,-2.830808E-04 
 720 , 5.044214E-05 ,-2.52162E-05 , 4.180583E-04 , 7.389555E-05 , 3.485618E-04 ,-5.089272E-05 , 8.3302E-06 , 3.824586E-05 ,-1.033853E-04 ,-1.719077E-04 , 8.72637E-05 , 1.546084E-04 ,-5.38559E-05 , 2.45278E-05 , 2.042935E-04 , 2.769885E-05 , 9.612719E-06 , 1.076679E-04 , 3.082067E-04 , 1.718618E-04 , 2.919319E-04 , 1.425702E-04 , 8.868171E-05 , 2.511594E-05 , 1.627099E-04 , 1.961939E-04 , 3.302835E-05 , 2.612527E-04 ,-1.181597E-04 ,-4.472203E-04 , 5.748809E-04 ,-1.573364E-04 ,-1.699574E-04 , 2.624883E-04 , 0.0010438 ,-3.088327E-04 , 5.547584E-04 ,-6.463141E-04 , 9.613786E-04 
 730 , 1.152565E-04 ,-1.778219E-04 ,-2.407299E-04 ,-2.797108E-04 , 7.31655E-05 , 1.363041E-04 ,-1.900104E-04 , 4.880912E-05 , 1.129623E-04 , 1.546191E-04 , 2.446389E-05 , 8.673269E-05 , 1.736881E-04 , 8.061153E-05 , 4.018857E-04 , 5.862059E-05 , 2.468131E-04 , 1.465869E-04 ,-5.502304E-05 , 3.645119E-04 ,-3.183228E-06 , 9.540564E-05 , 5.271218E-05 , 1.97581E-05 , 2.138623E-04 , 2.763174E-04 ,-3.439683E-04 , 2.722281E-04 , 3.325063E-04 , 4.914684E-04 , 2.304131E-05 ,-7.216522E-05 , 3.054294E-04 , 4.31049E-04 , 4.684278E-04 ,-1.310161E-04 , 4.618783E-04 , 3.347508E-04 ,-9.921191E-05 
 740 ,-4.974817E-04 ,-8.722173E-05 ,-3.108522E-04 ,-3.124237E-04 , 2.580808E-05 , 3.634324E-04 , 8.032327E-05 ,-6.407354E-06 ,-4.360269E-05 , 1.748735E-05 , 2.539972E-04 , 1.477344E-04 , 9.993824E-05 , 2.626715E-04 , 4.414748E-04 ,-4.449931E-05 ,-1.31777E-04 , 1.226663E-04 , 7.81703E-05 , 7.137679E-05 , 1.972395E-04 , 2.660673E-04 , 1.693036E-04 ,-7.079248E-05 , 1.069043E-04 , 3.355852E-04 ,-3.583318E-05 ,-1.735379E-04 , 1.187521E-04 ,-2.627907E-04 , 4.254166E-04 ,-5.757101E-04 ,-2.079503E-05 ,-2.053703E-04 ,-1.055412E-04 ,-1.677081E-04 ,-4.111187E-04 ,-3.359534E-04 ,-5.599548E-04 
 750 ,-3.127265E-04 , 1.991015E-04 , 1.490289E-04 ,-6.137408E-05 , 1.826356E-04 , 4.482231E-05 , 2.34944E-04 , 1.831501E-04 , 5.65431E-05 ,-7.235017E-05 , 2.525758E-04 , 6.026583E-04 , 4.392777E-05 , 6.142694E-05 , 1.824168E-04 , 2.168489E-04 , 2.118766E-04 , 2.367447E-05 , 2.946326E-04 ,-1.546627E-04 ,-6.858647E-05 , 1.354995E-04 ,-4.466179E-05 , 4.134668E-05 , 2.421549E-04 , 1.878655E-04 ,-1.197386E-04 , 3.732945E-04 ,-1.118987E-04 ,-1.72311E-04 , 4.918324E-04 ,-9.753581E-05 ,-2.602572E-05 , 8.267871E-04 ,-4.967927E-04 ,-1.002556E-05 ,-1.908664E-04 ,-2.65208E-04 ,-4.299372E-04 
 760 ,-4.026499E-04 ,-7.607479E-05 ,-2.846707E-04 ,-1.114674E-05 , 5.092262E-05 , 3.378938E-04 , 7.073956E-05 ,-6.476999E-05 ,-1.713161E-04 ,-3.215408E-05 ,-2.471885E-06 , 2.088632E-04 , 5.519759E-05 , 1.505429E-04 , 1.812211E-04 , 1.480091E-04 ,-7.608353E-05 , 1.591316E-04 , 3.190663E-04 ,-1.87338E-05 , 4.564728E-05 ,-1.183084E-04 , 1.839692E-04 ,-1.331347E-04 , 6.220061E-06 ,-8.730272E-05 , 1.90956E-04 , 3.29038E-04 ,-3.549424E-04 , 3.585558E-04 , 5.023201E-04 , 1.343225E-04 , 8.93168E-04 , 3.536863E-04 , 1.764671E-04 ,-3.083276E-04 ,-4.235059E-04 , 1.017206E-05 ,-2.219013E-04 
 770 ,-3.031098E-04 , 1.029375E-04 , 2.509201E-04 ,-4.154812E-04 , 3.701243E-04 , 1.399039E-04 , 2.634176E-04 ,-4.835316E-05 , 4.108813E-05 , 1.056348E-05 , 6.876381E-05 , 1.572454E-04 , 1.75303E-04 , 4.929286E-05 , 2.439461E-04 , 1.692735E-04 ,-5.972728E-05 , 3.086175E-04 , 1.578396E-04 , 1.892194E-04 , 3.22291E-04 , 4.172302E-05 , 2.973735E-05 , 1.957912E-04 ,-2.45005E-04 , 2.842828E-04 , 1.897814E-04 ,-2.677617E-04 , 4.459467E-04 , 6.746106E-05 , 1.686735E-04 , 1.591892E-04 ,-2.991857E-04 , 1.359834E-04 , 7.199302E-04 ,-4.735883E-04 ,-1.610204E-04 , 4.793939E-05 , 5.785174E-04 
 780 ,-2.320164E-04 , 7.227049E-04 , 1.040957E-04 , 5.005813E-04 , 1.228917E-04 , 1.663192E-04 , 2.466994E-04 , 1.236604E-04 , 1.575256E-04 , 1.59273E-04 , 1.952097E-04 ,-1.158082E-05 , 4.073005E-05 , 1.33426E-04 , 9.25573E-05 , 1.38352E-05 , 1.254453E-04 , 1.681137E-04 ,-5.983403E-05 , 1.057121E-04 , 4.592411E-05 , 1.124774E-04 , 9.86059E-05 , 1.276333E-04 , 8.179955E-05 , 5.822238E-04 ,-2.052096E-04 ,-1.70624E-04 ,-4.806195E-05 ,-5.292655E-05 ,-6.03882E-05 , 9.570791E-04 ,-5.257636E-04 ,-6.311648E-04 ,-1.007031E-04 ,-5.603742E-04 , 4.157102E-04 ,-3.349895E-04 , 7.900814E-05 
 790 ,-1.714498E-04 , 5.125034E-05 , 4.365113E-04 ,-7.844441E-05 ,-1.663025E-04 , 1.839926E-04 , 1.417315E-04 , 2.465046E-04 ,-9.234227E-05 ,-6.540469E-06 , 1.008657E-05 , 3.628049E-04 ,-7.117529E-05 , 1.067165E-04 , 1.351886E-04 , 1.371952E-04 ,-7.57651E-05 ,-2.265565E-05 , 1.456528E-04 , 1.027842E-04 , 1.474782E-04 , 1.558496E-04 ,-9.679616E-05 , 1.653319E-04 , 3.534242E-04 , 4.388814E-04 , 1.265972E-05 ,-6.44735E-05 , 2.44397E-06 ,-9.350639E-05 , 5.272508E-04 , 2.716702E-04 ,-7.374085E-05 ,-7.062131E-05 ,-1.601997E-04 , 2.23824E-04 ,-1.582413E-04 ,-5.23335E-04 , 8.759817E-05 
 800 , 5.687477E-05 ,-1.162599E-04 , 2.907205E-04 , 1.237151E-04 , 3.39937E-04 , 1.727245E-04 , 9.197812E-05 ,-1.586804E-05 ,-8.570583E-05 , 9.140403E-06 , 3.835863E-05 , 3.372528E-04 ,-3.762223E-05 ,-2.764971E-04 , 1.458947E-04 , 1.103018E-04 ,-7.889153E-05 , 3.241429E-05 ,-1.248956E-05 , 3.061619E-04 ,-4.218279E-05 ,-2.176016E-04 , 2.413544E-04 , 2.054393E-04 ,-2.410888E-04 , 1.21244E-04 , 9.745874E-05 , 3.230551E-04 ,-2.408672E-04 ,-3.56429E-04 , 6.774668E-04 , 2.755673E-04 , 3.84663E-04 , 6.763173E-04 , 1.827527E-04 , 4.157169E-04 ,-4.601935E-04 ,-5.407465E-06 , 8.674525E-05 
 810 , 4.37489E-04 , 1.214123E-04 ,-2.887647E-04 , 2.108072E-04 , 4.791066E-05 , 2.636001E-05 , 1.223052E-05 , 6.362815E-05 , 2.142467E-04 , 1.890594E-04 , 3.092955E-04 , 3.969109E-05 , 2.194781E-05 ,-8.505044E-05 ,-1.286564E-04 , 1.977116E-04 , 1.478625E-04 , 7.414041E-05 , 1.984992E-04 ,-1.95175E-04 , 1.409989E-04 ,-8.530133E-05 , 6.329115E-05 ,-2.471355E-04 ,-6.501759E-05 , 0.0003194 ,-1.130533E-04 , 5.006499E-04 , 3.961026E-04 ,-1.497353E-04 , 1.347732E-04 , 9.749686E-05 , 1.140565E-03 , 3.664688E-04 ,-7.054193E-04 , 2.073873E-04 ,-3.50316E-04 ,-7.207452E-05 , 5.875218E-05 
 820 , 2.923363E-04 , 2.600467E-04 ,-1.903567E-04 , 8.645575E-05 , 3.471707E-04 , 2.58528E-04 , 5.373982E-05 , 2.963934E-04 , 2.111493E-04 ,-1.115029E-04 ,-5.358276E-05 , 1.486892E-05 , 6.456949E-06 , 1.414994E-04 , 2.392984E-04 ,-3.954272E-05 , 1.89572E-04 , 3.465362E-04 , 7.177076E-05 ,-4.390606E-05 , 1.360979E-04 , 1.893087E-04 ,-3.932884E-05 ,-1.049433E-04 , 1.916023E-04 ,-5.621855E-04 , 8.173317E-05 , 2.501292E-04 ,-2.789296E-04 , 2.476774E-05 ,-6.473812E-05 ,-2.162772E-04 ,-1.959087E-04 , 1.258036E-04 ,-3.170809E-04 ,-2.949412E-04 , 3.354354E-04 ,-7.435405E-05 , 3.665619E-04 
 830 , 3.96973E-04 , 2.227987E-04 ,-4.668238E-06 ,-2.579009E-04 , 2.594943E-04 ,-4.251845E-04 , 1.825788E-04 , 1.058852E-04 ,-7.71343E-06 , 2.051306E-04 , 4.214489E-04 , 7.38461E-05 , 9.136854E-05 , 2.287179E-04 , 2.112779E-04 ,-4.626351E-05 ,-5.431366E-05 , 2.234174E-04 ,-1.430966E-04 , 4.422618E-04 ,-3.50419E-05 , 1.696181E-04 ,-3.274448E-05 , 1.328618E-04 ,-1.481865E-04 ,-1.544391E-05 ,-5.094144E-05 , 4.476654E-05 ,-1.931829E-04 , 4.562872E-05 , 3.627635E-04 , 2.313929E-04 ,-2.862293E-04 ,-1.233763E-04 ,-1.556028E-04 ,-4.905598E-04 , 5.867435E-04 , 7.91613E-05 , 2.314608E-04 
 840 ,-1.081673E-04 ,-8.656995E-04 ,-2.354453E-04 ,-1.820149E-05 , 4.694649E-04 ,-3.723744E-04 , 4.236463E-04 , 5.695307E-04 ,-4.048486E-04 ,-7.715333E-04 , 4.087648E-04 , 2.956063E-05 ,-2.484265E-04 ,-2.621984E-04 , 3.580592E-04 ,-2.251627E-05 , 3.485971E-04 ,-4.817389E-04 , 8.320811E-04 ,-1.788961E-04 , 3.040642E-04 ,-5.0619E-04 ,-1.127295E-03 ,-6.326201E-04 , 1.225269E-04 , 4.835336E-05 ,-1.41042E-03 , 2.486955E-04 ,-5.285926E-04 ,-6.211301E-04 ,-7.435349E-04 ,-6.232312E-04 ,-6.729262E-04 ,-3.036207E-04 , 1.28204E-03 , 3.85837E-04 ,-8.986212E-04 , 1.275772E-04 ,-1.61848E-03 
 850 ,-1.081673E-04 ,-8.656995E-04 ,-2.354453E-04 ,-1.820149E-05 , 4.694649E-04 ,-3.723744E-04 , 4.236463E-04 , 5.695307E-04 ,-4.048486E-04 ,-7.715333E-04 , 4.087648E-04 , 2.956063E-05 ,-2.484265E-04 ,-2.621984E-04 , 3.580592E-04 ,-2.251627E-05 , 3.485971E-04 ,-4.817389E-04 , 8.320811E-04 ,-1.788961E-04 , 3.040642E-04 ,-5.0619E-04 ,-1.127295E-03 ,-6.326201E-04 , 1.225269E-04 , 4.835336E-05 ,-1.41042E-03 , 2.486955E-04 ,-5.285926E-04 ,-6.211301E-04 ,-7.435349E-04 ,-6.232312E-04 ,-6.729262E-04 ,-3.036207E-04 , 1.28204E-03 , 3.85837E-04 ,-8.986212E-04 , 1.275772E-04 ,-1.61848E-03 
 860 , 0 , 0 , 0 , 0 , 0 , 0 , 0 , 0 , 0 , 0 , 0 , 0 , 0 , 0 , 0 , 0 , 0 , 0 , 0 , 0 , 0 , 0 , 0 , 0 , 0 , 0 , 0 , 0 , 0 , 0 , 0 , 0 , 0 , 0 , 0 , 0 , 0 , 0 , 0 
